"Date","Close Price End"
"2019-01-03 00:00:00","2954.66"
"2019-01-04 00:00:00","3041.85"
"2019-01-07 00:00:00","3033.64"
"2019-01-08 00:00:00","3054.94"
"2019-01-09 00:00:00","3070.24"
"2019-01-10 00:00:00","3075.73"
"2019-01-11 00:00:00","3070.04"
"2019-01-14 00:00:00","3055.18"
"2019-01-15 00:00:00","3068.05"
"2019-01-16 00:00:00","3077.22"
"2019-01-17 00:00:00","3069.35"
"2019-01-18 00:00:00","3134.92"
"2019-01-21 00:00:00","3125.07"
"2019-01-22 00:00:00","3112.80"
"2019-01-23 00:00:00","3112.13"
"2019-01-24 00:00:00","3126.31"
"2019-01-25 00:00:00","3163.24"
"2019-01-28 00:00:00","3137.27"
"2019-01-29 00:00:00","3153.42"
"2019-01-30 00:00:00","3161.74"
"2019-01-31 00:00:00","3159.43"
"2019-02-01 00:00:00","3171.12"
"2019-02-04 00:00:00","3165.20"
"2019-02-05 00:00:00","3215.04"
"2019-02-06 00:00:00","3212.75"
"2019-02-07 00:00:00","3150.76"
"2019-02-08 00:00:00","3135.62"
"2019-02-11 00:00:00","3165.61"
"2019-02-12 00:00:00","3190.75"
"2019-02-13 00:00:00","3202.37"
"2019-02-14 00:00:00","3182.66"
"2019-02-15 00:00:00","3241.25"
"2019-02-18 00:00:00","3244.79"
"2019-02-19 00:00:00","3239.41"
"2019-02-20 00:00:00","3259.49"
"2019-02-21 00:00:00","3263.70"
"2019-02-22 00:00:00","3270.55"
"2019-02-25 00:00:00","3280.01"
"2019-02-26 00:00:00","3289.32"
"2019-02-27 00:00:00","3282.77"
"2019-02-28 00:00:00","3298.26"
"2019-03-01 00:00:00","3312.10"
"2019-03-04 00:00:00","3317.12"
"2019-03-05 00:00:00","3327.19"
"2019-03-06 00:00:00","3324.67"
"2019-03-07 00:00:00","3308.85"
"2019-03-08 00:00:00","3283.60"
"2019-03-11 00:00:00","3304.44"
"2019-03-12 00:00:00","3303.95"
"2019-03-13 00:00:00","3323.45"
"2019-03-14 00:00:00","3342.03"
"2019-03-15 00:00:00","3386.08"
"2019-03-18 00:00:00","3387.94"
"2019-03-19 00:00:00","3409.00"
"2019-03-20 00:00:00","3372.38"
"2019-03-21 00:00:00","3367.40"
"2019-03-22 00:00:00","3305.73"
"2019-03-25 00:00:00","3300.48"
"2019-03-26 00:00:00","3319.53"
"2019-03-27 00:00:00","3322.04"
"2019-03-28 00:00:00","3320.29"
"2019-03-29 00:00:00","3351.71"
"2019-04-01 00:00:00","3385.38"
"2019-04-02 00:00:00","3395.70"
"2019-04-03 00:00:00","3435.56"
"2019-04-04 00:00:00","3441.93"
"2019-04-05 00:00:00","3447.47"
"2019-04-08 00:00:00","3438.06"
"2019-04-09 00:00:00","3417.22"
"2019-04-10 00:00:00","3424.65"
"2019-04-11 00:00:00","3435.34"
"2019-04-12 00:00:00","3447.83"
"2019-04-15 00:00:00","3450.46"
"2019-04-16 00:00:00","3463.36"
"2019-04-17 00:00:00","3477.73"
"2019-04-18 00:00:00","3499.23"
"2019-04-23 00:00:00","3503.85"
"2019-04-24 00:00:00","3502.63"
"2019-04-25 00:00:00","3491.92"
"2019-04-26 00:00:00","3500.41"
"2019-04-29 00:00:00","3501.94"
"2019-04-30 00:00:00","3514.62"
"2019-05-02 00:00:00","3488.93"
"2019-05-03 00:00:00","3502.48"
"2019-05-06 00:00:00","3462.95"
"2019-05-07 00:00:00","3401.16"
"2019-05-08 00:00:00","3417.26"
"2019-05-09 00:00:00","3350.71"
"2019-05-10 00:00:00","3361.05"
"2019-05-13 00:00:00","3320.78"
"2019-05-14 00:00:00","3364.38"
"2019-05-15 00:00:00","3385.78"
"2019-05-16 00:00:00","3438.56"
"2019-05-17 00:00:00","3425.64"
"2019-05-20 00:00:00","3369.78"
"2019-05-21 00:00:00","3386.51"
"2019-05-22 00:00:00","3386.72"
"2019-05-23 00:00:00","3327.20"
"2019-05-24 00:00:00","3350.70"
"2019-05-27 00:00:00","3364.04"
"2019-05-28 00:00:00","3348.86"
"2019-05-29 00:00:00","3297.81"
"2019-05-31 00:00:00","3280.43"
"2019-06-03 00:00:00","3300.22"
"2019-06-04 00:00:00","3333.49"
"2019-06-05 00:00:00","3339.95"
"2019-06-06 00:00:00","3338.41"
"2019-06-07 00:00:00","3378.38"
"2019-06-11 00:00:00","3401.10"
"2019-06-12 00:00:00","3386.63"
"2019-06-13 00:00:00","3390.50"
"2019-06-14 00:00:00","3379.19"
"2019-06-17 00:00:00","3383.21"
"2019-06-18 00:00:00","3452.89"
"2019-06-19 00:00:00","3454.70"
"2019-06-20 00:00:00","3468.08"
"2019-06-21 00:00:00","3466.92"
"2019-06-24 00:00:00","3455.57"
"2019-06-25 00:00:00","3444.36"
"2019-06-26 00:00:00","3442.95"
"2019-06-27 00:00:00","3442.38"
"2019-06-28 00:00:00","3473.69"
"2019-07-01 00:00:00","3497.59"
"2019-07-02 00:00:00","3507.98"
"2019-07-03 00:00:00","3540.63"
"2019-07-04 00:00:00","3544.15"
"2019-07-05 00:00:00","3527.98"
"2019-07-08 00:00:00","3523.76"
"2019-07-09 00:00:00","3509.75"
"2019-07-10 00:00:00","3501.52"
"2019-07-11 00:00:00","3496.73"
"2019-07-12 00:00:00","3497.63"
"2019-07-15 00:00:00","3502.22"
"2019-07-16 00:00:00","3521.36"
"2019-07-17 00:00:00","3501.58"
"2019-07-18 00:00:00","3482.83"
"2019-07-19 00:00:00","3480.18"
"2019-07-22 00:00:00","3489.92"
"2019-07-23 00:00:00","3532.87"
"2019-07-24 00:00:00","3532.90"
"2019-07-25 00:00:00","3510.15"
"2019-07-26 00:00:00","3524.47"
"2019-07-29 00:00:00","3523.58"
"2019-07-30 00:00:00","3462.85"
"2019-07-31 00:00:00","3466.85"
"2019-08-02 00:00:00","3376.12"
"2019-08-05 00:00:00","3310.93"
"2019-08-06 00:00:00","3291.66"
"2019-08-07 00:00:00","3309.99"
"2019-08-08 00:00:00","3375.38"
"2019-08-09 00:00:00","3333.74"
"2019-08-12 00:00:00","3326.55"
"2019-08-13 00:00:00","3357.16"
"2019-08-14 00:00:00","3288.70"
"2019-08-15 00:00:00","3282.78"
"2019-08-16 00:00:00","3329.08"
"2019-08-19 00:00:00","3369.19"
"2019-08-20 00:00:00","3350.23"
"2019-08-21 00:00:00","3394.89"
"2019-08-22 00:00:00","3373.67"
"2019-08-23 00:00:00","3334.25"
"2019-08-26 00:00:00","3348.84"
"2019-08-27 00:00:00","3370.47"
"2019-08-28 00:00:00","3365.38"
"2019-08-29 00:00:00","3411.33"
"2019-08-30 00:00:00","3426.76"
"2019-09-02 00:00:00","3432.54"
"2019-09-03 00:00:00","3420.74"
"2019-09-04 00:00:00","3450.83"
"2019-09-05 00:00:00","3484.70"
"2019-09-06 00:00:00","3495.19"
"2019-09-09 00:00:00","3495.02"
"2019-09-10 00:00:00","3498.99"
"2019-09-11 00:00:00","3516.82"
"2019-09-12 00:00:00","3538.86"
"2019-09-13 00:00:00","3550.11"
"2019-09-16 00:00:00","3518.45"
"2019-09-17 00:00:00","3521.26"
"2019-09-18 00:00:00","3528.04"
"2019-09-19 00:00:00","3552.65"
"2019-09-20 00:00:00","3571.39"
"2019-09-23 00:00:00","3536.97"
"2019-09-24 00:00:00","3532.05"
"2019-09-25 00:00:00","3513.03"
"2019-09-26 00:00:00","3532.18"
"2019-09-27 00:00:00","3545.88"
"2019-09-30 00:00:00","3569.45"
"2019-10-01 00:00:00","3518.25"
"2019-10-02 00:00:00","3413.31"
"2019-10-03 00:00:00","3417.37"
"2019-10-04 00:00:00","3446.71"
"2019-10-07 00:00:00","3471.24"
"2019-10-08 00:00:00","3432.76"
"2019-10-09 00:00:00","3462.11"
"2019-10-10 00:00:00","3493.96"
"2019-10-11 00:00:00","3569.92"
"2019-10-14 00:00:00","3556.26"
"2019-10-15 00:00:00","3598.65"
"2019-10-16 00:00:00","3599.25"
"2019-10-17 00:00:00","3588.62"
"2019-10-18 00:00:00","3579.41"
"2019-10-21 00:00:00","3600.08"
"2019-10-22 00:00:00","3604.82"
"2019-10-23 00:00:00","3606.89"
"2019-10-24 00:00:00","3621.37"
"2019-10-25 00:00:00","3624.68"
"2019-10-28 00:00:00","3625.69"
"2019-10-29 00:00:00","3622.09"
"2019-10-30 00:00:00","3620.29"
"2019-10-31 00:00:00","3604.41"
"2019-11-01 00:00:00","3623.74"
"2019-11-04 00:00:00","3665.21"
"2019-11-05 00:00:00","3676.52"
"2019-11-06 00:00:00","3688.74"
"2019-11-07 00:00:00","3706.68"
"2019-11-08 00:00:00","3699.65"
"2019-11-11 00:00:00","3696.82"
"2019-11-12 00:00:00","3712.20"
"2019-11-13 00:00:00","3699.50"
"2019-11-14 00:00:00","3688.81"
"2019-11-15 00:00:00","3711.61"
"2019-11-18 00:00:00","3704.92"
"2019-11-19 00:00:00","3696.56"
"2019-11-20 00:00:00","3683.88"
"2019-11-21 00:00:00","3679.66"
"2019-11-22 00:00:00","3687.32"
"2019-11-25 00:00:00","3707.68"
"2019-11-26 00:00:00","3705.55"
"2019-11-27 00:00:00","3712.85"
"2019-11-28 00:00:00","3704.48"
"2019-11-29 00:00:00","3703.58"
"2019-12-02 00:00:00","3626.66"
"2019-12-03 00:00:00","3610.99"
"2019-12-04 00:00:00","3660.02"
"2019-12-05 00:00:00","3648.13"
"2019-12-06 00:00:00","3692.34"
"2019-12-09 00:00:00","3672.18"
"2019-12-10 00:00:00","3671.78"
"2019-12-11 00:00:00","3687.45"
"2019-12-12 00:00:00","3706.35"
"2019-12-13 00:00:00","3731.07"
"2019-12-16 00:00:00","3772.74"
"2019-12-17 00:00:00","3745.28"
"2019-12-18 00:00:00","3739.00"
"2019-12-19 00:00:00","3739.17"
"2019-12-20 00:00:00","3776.56"
"2019-12-23 00:00:00","3776.66"
"2019-12-27 00:00:00","3782.27"
"2019-12-30 00:00:00","3748.47"
"2020-01-03 00:00:00","3773.37"
"2020-01-06 00:00:00","3752.52"
"2020-01-07 00:00:00","3759.25"
"2020-01-08 00:00:00","3772.56"
"2020-01-09 00:00:00","3795.88"
"2020-01-10 00:00:00","3789.52"
"2020-01-13 00:00:00","3779.68"
"2020-01-14 00:00:00","3774.88"
"2020-01-15 00:00:00","3768.96"
"2020-01-16 00:00:00","3774.14"
"2020-01-17 00:00:00","3808.26"
"2020-01-20 00:00:00","3799.03"
"2020-01-21 00:00:00","3789.12"
"2020-01-22 00:00:00","3769.79"
"2020-01-23 00:00:00","3736.85"
"2020-01-24 00:00:00","3779.16"
"2020-01-27 00:00:00","3677.84"
"2020-01-28 00:00:00","3719.22"
"2020-01-29 00:00:00","3736.36"
"2020-01-30 00:00:00","3690.78"
"2020-01-31 00:00:00","3640.91"
"2020-02-03 00:00:00","3661.27"
"2020-02-04 00:00:00","3732.28"
"2020-02-05 00:00:00","3777.84"
"2020-02-06 00:00:00","3805.52"
"2020-02-07 00:00:00","3798.49"
"2020-02-10 00:00:00","3793.18"
"2020-02-11 00:00:00","3825.84"
"2020-02-12 00:00:00","3854.43"
"2020-02-13 00:00:00","3846.74"
"2020-02-14 00:00:00","3840.97"
"2020-02-17 00:00:00","3853.27"
"2020-02-18 00:00:00","3836.54"
"2020-02-19 00:00:00","3865.18"
"2020-02-20 00:00:00","3822.98"
"2020-02-21 00:00:00","3800.38"
"2020-02-24 00:00:00","3647.98"
"2020-02-25 00:00:00","3572.51"
"2020-02-26 00:00:00","3577.68"
"2020-02-27 00:00:00","3455.92"
"2020-02-28 00:00:00","3329.49"
"2020-03-02 00:00:00","3338.83"
"2020-03-03 00:00:00","3371.97"
"2020-03-04 00:00:00","3420.56"
"2020-03-05 00:00:00","3363.58"
"2020-03-06 00:00:00","3232.07"
"2020-03-09 00:00:00","2959.07"
"2020-03-10 00:00:00","2910.02"
"2020-03-11 00:00:00","2905.56"
"2020-03-12 00:00:00","2545.23"
"2020-03-13 00:00:00","2586.02"
"2020-03-16 00:00:00","2450.37"
"2020-03-17 00:00:00","2530.50"
"2020-03-18 00:00:00","2385.82"
"2020-03-19 00:00:00","2454.08"
"2020-03-20 00:00:00","2548.50"
"2020-03-23 00:00:00","2485.54"
"2020-03-24 00:00:00","2715.11"
"2020-03-25 00:00:00","2800.14"
"2020-03-26 00:00:00","2847.78"
"2020-03-27 00:00:00","2728.65"
"2020-03-30 00:00:00","2765.62"
"2020-03-31 00:00:00","2786.90"
"2020-04-01 00:00:00","2680.30"
"2020-04-02 00:00:00","2688.49"
"2020-04-03 00:00:00","2662.99"
"2020-04-06 00:00:00","2795.97"
"2020-04-07 00:00:00","2857.67"
"2020-04-08 00:00:00","2851.27"
"2020-04-09 00:00:00","2892.79"
"2020-04-14 00:00:00","2917.74"
"2020-04-15 00:00:00","2808.20"
"2020-04-16 00:00:00","2812.35"
"2020-04-17 00:00:00","2888.30"
"2020-04-20 00:00:00","2909.50"
"2020-04-21 00:00:00","2791.34"
"2020-04-22 00:00:00","2834.90"
"2020-04-23 00:00:00","2852.46"
"2020-04-24 00:00:00","2809.07"
"2020-04-27 00:00:00","2882.09"
"2020-04-28 00:00:00","2932.06"
"2020-04-29 00:00:00","2996.08"
"2020-04-30 00:00:00","2927.93"
"2020-05-04 00:00:00","2816.48"
"2020-05-05 00:00:00","2875.91"
"2020-05-06 00:00:00","2843.76"
"2020-05-07 00:00:00","2880.60"
"2020-05-08 00:00:00","2908.11"
"2020-05-11 00:00:00","2883.75"
"2020-05-12 00:00:00","2884.20"
"2020-05-13 00:00:00","2810.55"
"2020-05-14 00:00:00","2760.23"
"2020-05-15 00:00:00","2770.70"
"2020-05-18 00:00:00","2911.88"
"2020-05-19 00:00:00","2902.58"
"2020-05-20 00:00:00","2942.39"
"2020-05-22 00:00:00","2905.47"
"2020-05-25 00:00:00","2971.35"
"2020-05-26 00:00:00","2999.22"
"2020-05-27 00:00:00","3051.08"
"2020-05-28 00:00:00","3094.47"
"2020-05-29 00:00:00","3050.20"
"2020-06-02 00:00:00","3159.02"
"2020-06-03 00:00:00","3269.59"
"2020-06-04 00:00:00","3261.67"
"2020-06-05 00:00:00","3384.29"
"2020-06-08 00:00:00","3366.29"
"2020-06-09 00:00:00","3320.71"
"2020-06-10 00:00:00","3293.71"
"2020-06-11 00:00:00","3144.57"
"2020-06-12 00:00:00","3153.74"
"2020-06-15 00:00:00","3136.40"
"2020-06-16 00:00:00","3242.65"
"2020-06-17 00:00:00","3267.26"
"2020-06-18 00:00:00","3249.90"
"2020-06-19 00:00:00","3269.10"
"2020-06-22 00:00:00","3241.69"
"2020-06-23 00:00:00","3298.83"
"2020-06-24 00:00:00","3196.12"
"2020-06-25 00:00:00","3218.91"
"2020-06-26 00:00:00","3204.17"
"2020-06-29 00:00:00","3232.02"
"2020-06-30 00:00:00","3234.07"
"2020-07-01 00:00:00","3228.45"
"2020-07-02 00:00:00","3320.09"
"2020-07-03 00:00:00","3294.38"
"2020-07-06 00:00:00","3350.03"
"2020-07-07 00:00:00","3321.56"
"2020-07-08 00:00:00","3286.09"
"2020-07-09 00:00:00","3261.17"
"2020-07-10 00:00:00","3296.22"
"2020-07-13 00:00:00","3350.00"
"2020-07-14 00:00:00","3321.39"
"2020-07-15 00:00:00","3378.21"
"2020-07-16 00:00:00","3365.35"
"2020-07-17 00:00:00","3365.60"
"2020-07-20 00:00:00","3388.34"
"2020-07-21 00:00:00","3405.35"
"2020-07-22 00:00:00","3370.76"
"2020-07-23 00:00:00","3371.74"
"2020-07-24 00:00:00","3310.89"
"2020-07-27 00:00:00","3302.84"
"2020-07-28 00:00:00","3303.56"
"2020-07-29 00:00:00","3300.16"
"2020-07-30 00:00:00","3208.20"
"2020-07-31 00:00:00","3174.32"
"2020-08-03 00:00:00","3248.28"
"2020-08-04 00:00:00","3254.29"
"2020-08-05 00:00:00","3268.38"
"2020-08-06 00:00:00","3240.39"
"2020-08-07 00:00:00","3252.65"
"2020-08-10 00:00:00","3259.71"
"2020-08-11 00:00:00","3332.12"
"2020-08-12 00:00:00","3363.18"
"2020-08-13 00:00:00","3342.85"
"2020-08-14 00:00:00","3305.05"
"2020-08-17 00:00:00","3305.85"
"2020-08-18 00:00:00","3289.64"
"2020-08-19 00:00:00","3317.62"
"2020-08-20 00:00:00","3273.98"
"2020-08-21 00:00:00","3259.75"
"2020-08-24 00:00:00","3331.74"
"2020-08-25 00:00:00","3329.71"
"2020-08-26 00:00:00","3356.76"
"2020-08-27 00:00:00","3331.04"
"2020-08-28 00:00:00","3315.54"
"2020-08-31 00:00:00","3272.51"
"2020-09-01 00:00:00","3277.58"
"2020-09-02 00:00:00","3337.77"
"2020-09-03 00:00:00","3304.22"
"2020-09-04 00:00:00","3260.59"
"2020-09-07 00:00:00","3314.07"
"2020-09-08 00:00:00","3267.37"
"2020-09-09 00:00:00","3324.83"
"2020-09-10 00:00:00","3312.77"
"2020-09-11 00:00:00","3315.81"
"2020-09-14 00:00:00","3316.79"
"2020-09-15 00:00:00","3332.26"
"2020-09-16 00:00:00","3338.84"
"2020-09-17 00:00:00","3316.57"
"2020-09-18 00:00:00","3283.69"
"2020-09-21 00:00:00","3160.95"
"2020-09-22 00:00:00","3164.13"
"2020-09-23 00:00:00","3180.11"
"2020-09-24 00:00:00","3159.64"
"2020-09-25 00:00:00","3137.06"
"2020-09-28 00:00:00","3223.19"
"2020-09-29 00:00:00","3214.30"
"2020-09-30 00:00:00","3193.61"
"2020-10-01 00:00:00","3194.09"
"2020-10-02 00:00:00","3190.93"
"2020-10-05 00:00:00","3220.22"
"2020-10-06 00:00:00","3233.30"
"2020-10-07 00:00:00","3233.43"
"2020-10-08 00:00:00","3255.76"
"2020-10-09 00:00:00","3273.12"
"2020-10-12 00:00:00","3298.12"
"2020-10-13 00:00:00","3279.19"
"2020-10-14 00:00:00","3273.28"
"2020-10-15 00:00:00","3192.69"
"2020-10-16 00:00:00","3245.47"
"2020-10-19 00:00:00","3242.51"
"2020-10-20 00:00:00","3227.87"
"2020-10-21 00:00:00","3180.70"
"2020-10-22 00:00:00","3171.41"
"2020-10-23 00:00:00","3198.86"
"2020-10-26 00:00:00","3105.25"
"2020-10-27 00:00:00","3070.60"
"2020-10-28 00:00:00","2963.54"
"2020-10-29 00:00:00","2960.03"
"2020-10-30 00:00:00","2958.21"
"2020-11-02 00:00:00","3019.54"
"2020-11-03 00:00:00","3098.72"
"2020-11-04 00:00:00","3161.07"
"2020-11-05 00:00:00","3215.56"
"2020-11-06 00:00:00","3204.05"
"2020-11-09 00:00:00","3407.91"
"2020-11-10 00:00:00","3442.62"
"2020-11-11 00:00:00","3467.30"
"2020-11-12 00:00:00","3428.20"
"2020-11-13 00:00:00","3432.07"
"2020-11-16 00:00:00","3466.21"
"2020-11-17 00:00:00","3468.48"
"2020-11-18 00:00:00","3482.17"
"2020-11-19 00:00:00","3451.97"
"2020-11-20 00:00:00","3467.60"
"2020-11-23 00:00:00","3463.04"
"2020-11-24 00:00:00","3507.98"
"2020-11-25 00:00:00","3511.90"
"2020-11-26 00:00:00","3510.94"
"2020-11-27 00:00:00","3527.79"
"2020-11-30 00:00:00","3492.54"
"2020-12-01 00:00:00","3525.24"
"2020-12-02 00:00:00","3521.32"
"2020-12-03 00:00:00","3517.10"
"2020-12-04 00:00:00","3539.27"
"2020-12-07 00:00:00","3530.08"
"2020-12-08 00:00:00","3525.87"
"2020-12-09 00:00:00","3529.02"
"2020-12-10 00:00:00","3522.31"
"2020-12-11 00:00:00","3485.84"
"2020-12-14 00:00:00","3503.96"
"2020-12-15 00:00:00","3521.50"
"2020-12-16 00:00:00","3543.00"
"2020-12-17 00:00:00","3560.87"
"2020-12-18 00:00:00","3545.74"
"2020-12-21 00:00:00","3448.68"
"2020-12-22 00:00:00","3497.49"
"2020-12-23 00:00:00","3539.26"
"2020-12-28 00:00:00","3575.41"
"2020-12-29 00:00:00","3581.37"
"2020-12-30 00:00:00","3571.59"
"2021-01-04 00:00:00","3564.39"
"2021-01-05 00:00:00","3547.85"
"2021-01-06 00:00:00","3611.08"
"2021-01-07 00:00:00","3622.42"
"2021-01-08 00:00:00","3645.05"
"2021-01-11 00:00:00","3620.62"
"2021-01-12 00:00:00","3612.13"
"2021-01-13 00:00:00","3616.51"
"2021-01-14 00:00:00","3641.37"
"2021-01-15 00:00:00","3599.55"
"2021-01-18 00:00:00","3602.67"
"2021-01-19 00:00:00","3595.42"
"2021-01-20 00:00:00","3624.04"
"2021-01-21 00:00:00","3618.35"
"2021-01-22 00:00:00","3602.41"
"2021-01-25 00:00:00","3553.14"
"2021-01-26 00:00:00","3592.83"
"2021-01-27 00:00:00","3536.38"
"2021-01-28 00:00:00","3557.04"
"2021-01-29 00:00:00","3481.44"
"2021-02-01 00:00:00","3530.85"
"2021-02-02 00:00:00","3590.46"
"2021-02-03 00:00:00","3609.75"
"2021-02-04 00:00:00","3642.12"
"2021-02-05 00:00:00","3655.77"
"2021-02-08 00:00:00","3665.51"
"2021-02-09 00:00:00","3661.13"
"2021-02-10 00:00:00","3648.37"
"2021-02-11 00:00:00","3671.68"
"2021-02-12 00:00:00","3695.61"
"2021-02-15 00:00:00","3734.20"
"2021-02-16 00:00:00","3726.40"
"2021-02-17 00:00:00","3699.85"
"2021-02-18 00:00:00","3681.04"
"2021-02-19 00:00:00","3713.46"
"2021-02-22 00:00:00","3699.85"
"2021-02-23 00:00:00","3689.10"
"2021-02-24 00:00:00","3705.99"
"2021-02-25 00:00:00","3685.28"
"2021-02-26 00:00:00","3636.44"
"2021-03-01 00:00:00","3706.62"
"2021-03-02 00:00:00","3707.72"
"2021-03-03 00:00:00","3712.78"
"2021-03-04 00:00:00","3704.85"
"2021-03-05 00:00:00","3669.54"
"2021-03-08 00:00:00","3763.24"
"2021-03-09 00:00:00","3786.05"
"2021-03-10 00:00:00","3819.92"
"2021-03-11 00:00:00","3845.64"
"2021-03-12 00:00:00","3833.36"
"2021-03-15 00:00:00","3829.84"
"2021-03-16 00:00:00","3850.96"
"2021-03-17 00:00:00","3849.74"
"2021-03-18 00:00:00","3867.54"
"2021-03-19 00:00:00","3837.02"
"2021-03-22 00:00:00","3833.84"
"2021-03-23 00:00:00","3827.02"
"2021-03-24 00:00:00","3832.55"
"2021-03-25 00:00:00","3832.57"
"2021-03-26 00:00:00","3866.68"
"2021-03-29 00:00:00","3882.87"
"2021-03-30 00:00:00","3926.20"
"2021-03-31 00:00:00","3919.21"
"2021-04-01 00:00:00","3945.96"
"2021-04-06 00:00:00","3970.42"
"2021-04-07 00:00:00","3956.77"
"2021-04-08 00:00:00","3977.83"
"2021-04-09 00:00:00","3978.84"
"2021-04-12 00:00:00","3961.90"
"2021-04-13 00:00:00","3966.99"
"2021-04-14 00:00:00","3976.28"
"2021-04-15 00:00:00","3993.43"
"2021-04-16 00:00:00","4032.99"
"2021-04-19 00:00:00","4019.91"
"2021-04-20 00:00:00","3940.46"
"2021-04-21 00:00:00","3976.41"
"2021-04-22 00:00:00","4014.80"
"2021-04-23 00:00:00","4013.34"
"2021-04-26 00:00:00","4020.83"
"2021-04-27 00:00:00","4011.91"
"2021-04-28 00:00:00","4015.03"
"2021-04-29 00:00:00","3996.90"
"2021-04-30 00:00:00","3974.74"
"2021-05-03 00:00:00","4000.25"
"2021-05-04 00:00:00","3924.80"
"2021-05-05 00:00:00","4002.79"
"2021-05-06 00:00:00","3999.44"
"2021-05-07 00:00:00","4034.25"
"2021-05-10 00:00:00","4023.35"
"2021-05-11 00:00:00","3946.06"
"2021-05-12 00:00:00","3947.43"
"2021-05-14 00:00:00","4017.44"
"2021-05-17 00:00:00","4006.84"
"2021-05-18 00:00:00","4005.34"
"2021-05-19 00:00:00","3936.74"
"2021-05-20 00:00:00","3999.91"
"2021-05-21 00:00:00","4025.78"
"2021-05-25 00:00:00","4036.04"
"2021-05-26 00:00:00","4031.67"
"2021-05-27 00:00:00","4039.21"
"2021-05-28 00:00:00","4070.56"
"2021-05-31 00:00:00","4039.46"
"2021-06-01 00:00:00","4071.75"
"2021-06-02 00:00:00","4088.50"
"2021-06-03 00:00:00","4079.24"
"2021-06-04 00:00:00","4089.38"
"2021-06-07 00:00:00","4097.65"
"2021-06-08 00:00:00","4096.01"
"2021-06-09 00:00:00","4096.85"
"2021-06-10 00:00:00","4096.07"
"2021-06-11 00:00:00","4126.70"
"2021-06-14 00:00:00","4132.67"
"2021-06-15 00:00:00","4143.52"
"2021-06-16 00:00:00","4151.76"
"2021-06-17 00:00:00","4158.14"
"2021-06-18 00:00:00","4083.37"
"2021-06-21 00:00:00","4112.33"
"2021-06-22 00:00:00","4123.13"
"2021-06-23 00:00:00","4075.94"
"2021-06-24 00:00:00","4122.43"
"2021-06-25 00:00:00","4120.66"
"2021-06-28 00:00:00","4089.91"
"2021-06-29 00:00:00","4107.51"
"2021-06-30 00:00:00","4064.30"
"2021-07-01 00:00:00","4078.89"
"2021-07-02 00:00:00","4084.31"
"2021-07-05 00:00:00","4087.37"
"2021-07-06 00:00:00","4052.67"
"2021-07-07 00:00:00","4078.53"
"2021-07-08 00:00:00","3991.66"
"2021-07-09 00:00:00","4068.09"
"2021-07-12 00:00:00","4093.38"
"2021-07-13 00:00:00","4094.56"
"2021-07-14 00:00:00","4099.50"
"2021-07-15 00:00:00","4056.39"
"2021-07-16 00:00:00","4035.77"
"2021-07-19 00:00:00","3928.53"
"2021-07-20 00:00:00","3956.34"
"2021-07-21 00:00:00","4026.68"
"2021-07-22 00:00:00","4059.05"
"2021-07-23 00:00:00","4109.10"
"2021-07-26 00:00:00","4102.59"
"2021-07-27 00:00:00","4064.83"
"2021-07-28 00:00:00","4103.03"
"2021-07-29 00:00:00","4116.77"
"2021-07-30 00:00:00","4089.30"
"2021-08-02 00:00:00","4116.62"
"2021-08-03 00:00:00","4117.95"
"2021-08-04 00:00:00","4144.90"
"2021-08-05 00:00:00","4161.08"
"2021-08-06 00:00:00","4174.54"
"2021-08-09 00:00:00","4177.15"
"2021-08-10 00:00:00","4187.82"
"2021-08-11 00:00:00","4206.33"
"2021-08-12 00:00:00","4226.33"
"2021-08-13 00:00:00","4229.70"
"2021-08-16 00:00:00","4202.44"
"2021-08-17 00:00:00","4196.40"
"2021-08-18 00:00:00","4189.42"
"2021-08-19 00:00:00","4124.71"
"2021-08-20 00:00:00","4147.50"
"2021-08-23 00:00:00","4176.42"
"2021-08-24 00:00:00","4178.08"
"2021-08-25 00:00:00","4181.12"
"2021-08-26 00:00:00","4169.87"
"2021-08-27 00:00:00","4190.98"
"2021-08-30 00:00:00","4198.80"
"2021-08-31 00:00:00","4196.41"
"2021-09-01 00:00:00","4227.27"
"2021-09-02 00:00:00","4232.10"
"2021-09-03 00:00:00","4201.98"
"2021-09-06 00:00:00","4246.13"
"2021-09-07 00:00:00","4225.01"
"2021-09-08 00:00:00","4177.15"
"2021-09-09 00:00:00","4177.11"
"2021-09-10 00:00:00","4170.35"
"2021-09-13 00:00:00","4189.53"
"2021-09-14 00:00:00","4191.67"
"2021-09-15 00:00:00","4145.94"
"2021-09-16 00:00:00","4169.87"
"2021-09-17 00:00:00","4130.84"
"2021-09-20 00:00:00","4043.63"
"2021-09-21 00:00:00","4097.51"
"2021-09-22 00:00:00","4150.19"
"2021-09-23 00:00:00","4194.92"
"2021-09-24 00:00:00","4158.51"
"2021-09-27 00:00:00","4165.48"
"2021-09-28 00:00:00","4058.82"
"2021-09-29 00:00:00","4080.22"
"2021-09-30 00:00:00","4048.08"
"2021-10-01 00:00:00","4035.30"
"2021-10-04 00:00:00","3996.41"
"2021-10-05 00:00:00","4065.43"
"2021-10-06 00:00:00","4012.65"
"2021-10-07 00:00:00","4098.34"
"2021-10-08 00:00:00","4073.29"
"2021-10-11 00:00:00","4072.52"
"2021-10-12 00:00:00","4055.09"
"2021-10-13 00:00:00","4083.28"
"2021-10-14 00:00:00","4149.06"
"2021-10-15 00:00:00","4182.91"
"2021-10-18 00:00:00","4151.40"
"2021-10-19 00:00:00","4166.83"
"2021-10-20 00:00:00","4172.17"
"2021-10-21 00:00:00","4155.73"
"2021-10-22 00:00:00","4188.81"
"2021-10-25 00:00:00","4188.31"
"2021-10-26 00:00:00","4223.97"
"2021-10-27 00:00:00","4220.88"
"2021-10-28 00:00:00","4233.87"
"2021-10-29 00:00:00","4250.56"
"2021-11-01 00:00:00","4280.47"
"2021-11-02 00:00:00","4296.22"
"2021-11-03 00:00:00","4309.61"
"2021-11-04 00:00:00","4333.34"
"2021-11-05 00:00:00","4363.04"
"2021-11-08 00:00:00","4352.53"
"2021-11-09 00:00:00","4344.63"
"2021-11-10 00:00:00","4348.82"
"2021-11-11 00:00:00","4358.00"
"2021-11-12 00:00:00","4370.33"
"2021-11-15 00:00:00","4386.19"
"2021-11-16 00:00:00","4401.49"
"2021-11-17 00:00:00","4400.81"
"2021-11-18 00:00:00","4383.70"
"2021-11-19 00:00:00","4356.47"
"2021-11-22 00:00:00","4338.69"
"2021-11-23 00:00:00","4283.82"
"2021-11-24 00:00:00","4276.25"
"2021-11-25 00:00:00","4293.24"
"2021-11-26 00:00:00","4089.58"
"2021-11-29 00:00:00","4109.51"
"2021-11-30 00:00:00","4063.06"
"2021-12-01 00:00:00","4179.15"
"2021-12-02 00:00:00","4108.02"
"2021-12-03 00:00:00","4080.15"
"2021-12-06 00:00:00","4137.11"
"2021-12-07 00:00:00","4276.20"
"2021-12-08 00:00:00","4233.09"
"2021-12-09 00:00:00","4208.30"
"2021-12-10 00:00:00","4199.16"
"2021-12-13 00:00:00","4183.04"
"2021-12-14 00:00:00","4144.51"
"2021-12-15 00:00:00","4159.68"
"2021-12-16 00:00:00","4201.87"
"2021-12-17 00:00:00","4161.35"
"2021-12-20 00:00:00","4107.13"
"2021-12-21 00:00:00","4174.99"
"2021-12-22 00:00:00","4217.06"
"2021-12-23 00:00:00","4265.86"
"2021-12-27 00:00:00","4287.98"
"2021-12-28 00:00:00","4311.93"
"2021-12-29 00:00:00","4284.83"
"2021-12-30 00:00:00","4306.07"
"2022-01-03 00:00:00","4331.82"
"2022-01-04 00:00:00","4367.62"
"2022-01-05 00:00:00","4392.15"
"2022-01-06 00:00:00","4324.81"
"2022-01-07 00:00:00","4305.83"
"2022-01-10 00:00:00","4239.52"
"2022-01-11 00:00:00","4281.54"
"2022-01-12 00:00:00","4316.39"
"2022-01-13 00:00:00","4315.90"
"2022-01-14 00:00:00","4272.19"
"2022-01-17 00:00:00","4302.14"
"2022-01-18 00:00:00","4257.82"
"2022-01-19 00:00:00","4268.28"
"2022-01-20 00:00:00","4299.61"
"2022-01-21 00:00:00","4229.56"
"2022-01-24 00:00:00","4054.36"
"2022-01-25 00:00:00","4078.26"
"2022-01-26 00:00:00","4164.60"
"2022-01-27 00:00:00","4184.97"
"2022-01-28 00:00:00","4136.91"
"2022-01-31 00:00:00","4174.60"
"2022-02-01 00:00:00","4224.45"
"2022-02-02 00:00:00","4222.05"
"2022-02-03 00:00:00","4141.02"
"2022-02-04 00:00:00","4086.58"
"2022-02-07 00:00:00","4120.56"
"2022-02-08 00:00:00","4129.25"
"2022-02-09 00:00:00","4204.09"
"2022-02-10 00:00:00","4197.07"
"2022-02-11 00:00:00","4155.23"
"2022-02-14 00:00:00","4064.45"
"2022-02-15 00:00:00","4143.71"
"2022-02-16 00:00:00","4137.22"
"2022-02-17 00:00:00","4113.19"
"2022-02-18 00:00:00","4074.28"
"2022-02-21 00:00:00","3985.71"
"2022-02-22 00:00:00","3985.47"
"2022-02-23 00:00:00","3973.41"
"2022-02-24 00:00:00","3829.29"
"2022-02-25 00:00:00","3970.69"
"2022-02-28 00:00:00","3924.23"
"2022-03-01 00:00:00","3765.85"
"2022-03-02 00:00:00","3820.59"
"2022-03-03 00:00:00","3741.78"
"2022-03-04 00:00:00","3556.01"
"2022-03-07 00:00:00","3512.22"
"2022-03-08 00:00:00","3505.29"
"2022-03-09 00:00:00","3766.02"
"2022-03-10 00:00:00","3651.39"
"2022-03-11 00:00:00","3686.78"
"2022-03-14 00:00:00","3741.10"
"2022-03-15 00:00:00","3738.11"
"2022-03-16 00:00:00","3889.69"
"2022-03-17 00:00:00","3885.32"
"2022-03-18 00:00:00","3902.44"
"2022-03-21 00:00:00","3881.80"
"2022-03-22 00:00:00","3926.12"
"2022-03-23 00:00:00","3869.22"
"2022-03-24 00:00:00","3863.39"
"2022-03-25 00:00:00","3867.73"
"2022-03-28 00:00:00","3887.10"
"2022-03-29 00:00:00","4002.18"
"2022-03-30 00:00:00","3959.14"
"2022-03-31 00:00:00","3902.52"
"2022-04-01 00:00:00","3918.68"
"2022-04-04 00:00:00","3951.12"
"2022-04-05 00:00:00","3917.85"
"2022-04-06 00:00:00","3824.69"
"2022-04-07 00:00:00","3802.01"
"2022-04-08 00:00:00","3858.37"
"2022-04-11 00:00:00","3839.62"
"2022-04-12 00:00:00","3831.47"
"2022-04-13 00:00:00","3827.96"
"2022-04-14 00:00:00","3848.68"
"2022-04-19 00:00:00","3830.76"
"2022-04-20 00:00:00","3896.81"
"2022-04-21 00:00:00","3928.03"
"2022-04-22 00:00:00","3840.01"
"2022-04-25 00:00:00","3757.59"
"2022-04-26 00:00:00","3721.36"
"2022-04-27 00:00:00","3734.64"
"2022-04-28 00:00:00","3777.02"
"2022-04-29 00:00:00","3802.86"
"2022-05-02 00:00:00","3732.44"
"2022-05-03 00:00:00","3761.19"
"2022-05-04 00:00:00","3724.99"
"2022-05-05 00:00:00","3696.63"
"2022-05-06 00:00:00","3629.17"
"2022-05-09 00:00:00","3526.86"
"2022-05-10 00:00:00","3554.80"
"2022-05-11 00:00:00","3647.87"
"2022-05-12 00:00:00","3613.43"
"2022-05-13 00:00:00","3703.42"
"2022-05-16 00:00:00","3685.34"
"2022-05-17 00:00:00","3741.51"
"2022-05-18 00:00:00","3690.74"
"2022-05-19 00:00:00","3633.33"
"2022-05-20 00:00:00","3657.03"
"2022-05-23 00:00:00","3708.39"
"2022-05-24 00:00:00","3647.56"
"2022-05-25 00:00:00","3677.10"
"2022-05-27 00:00:00","3808.86"
"2022-05-30 00:00:00","3841.62"
"2022-05-31 00:00:00","3789.21"
"2022-06-01 00:00:00","3759.54"
"2022-06-02 00:00:00","3795.13"
"2022-06-03 00:00:00","3783.66"
"2022-06-07 00:00:00","3806.74"
"2022-06-08 00:00:00","3788.93"
"2022-06-09 00:00:00","3724.45"
"2022-06-10 00:00:00","3599.20"
"2022-06-13 00:00:00","3502.50"
"2022-06-14 00:00:00","3475.18"
"2022-06-15 00:00:00","3532.32"
"2022-06-16 00:00:00","3427.91"
"2022-06-17 00:00:00","3438.46"
"2022-06-20 00:00:00","3469.83"
"2022-06-21 00:00:00","3494.00"
"2022-06-22 00:00:00","3464.64"
"2022-06-23 00:00:00","3436.29"
"2022-06-24 00:00:00","3533.17"
"2022-06-27 00:00:00","3538.88"
"2022-06-28 00:00:00","3549.29"
"2022-06-29 00:00:00","3514.32"
"2022-06-30 00:00:00","3454.86"
"2022-07-01 00:00:00","3448.31"
"2022-07-04 00:00:00","3452.42"
"2022-07-05 00:00:00","3359.83"
"2022-07-06 00:00:00","3421.84"
"2022-07-07 00:00:00","3488.50"
"2022-07-08 00:00:00","3506.55"
"2022-07-11 00:00:00","3471.69"
"2022-07-12 00:00:00","3487.05"
"2022-07-13 00:00:00","3453.97"
"2022-07-14 00:00:00","3396.61"
"2022-07-15 00:00:00","3477.20"
"2022-07-18 00:00:00","3511.86"
"2022-07-19 00:00:00","3587.44"
"2022-07-20 00:00:00","3585.24"
"2022-07-21 00:00:00","3596.51"
"2022-07-22 00:00:00","3596.49"
"2022-07-25 00:00:00","3604.16"
"2022-07-26 00:00:00","3575.36"
"2022-07-27 00:00:00","3607.78"
"2022-07-28 00:00:00","3652.20"
"2022-07-29 00:00:00","3708.10"
"2022-08-02 00:00:00","3684.63"
"2022-08-03 00:00:00","3732.54"
"2022-08-04 00:00:00","3754.60"
"2022-08-05 00:00:00","3725.39"
"2022-08-08 00:00:00","3757.22"
"2022-08-09 00:00:00","3715.37"
"2022-08-10 00:00:00","3749.35"
"2022-08-11 00:00:00","3757.05"
"2022-08-12 00:00:00","3776.81"
"2022-08-15 00:00:00","3789.62"
"2022-08-16 00:00:00","3805.22"
"2022-08-17 00:00:00","3756.06"
"2022-08-18 00:00:00","3777.38"
"2022-08-19 00:00:00","3730.32"
"2022-08-22 00:00:00","3658.22"
"2022-08-23 00:00:00","3652.52"
"2022-08-24 00:00:00","3667.46"
"2022-08-25 00:00:00","3674.54"
"2022-08-26 00:00:00","3603.68"
"2022-08-29 00:00:00","3570.51"
"2022-08-30 00:00:00","3561.92"
"2022-08-31 00:00:00","3517.25"
"2022-09-01 00:00:00","3456.70"
"2022-09-02 00:00:00","3544.38"
"2022-09-05 00:00:00","3490.01"
"2022-09-06 00:00:00","3500.14"
"2022-09-07 00:00:00","3502.09"
"2022-09-08 00:00:00","3512.38"
"2022-09-09 00:00:00","3570.04"
"2022-09-12 00:00:00","3646.51"
"2022-09-13 00:00:00","3586.18"
"2022-09-14 00:00:00","3567.56"
"2022-09-15 00:00:00","3541.79"
"2022-09-16 00:00:00","3500.41"
"2022-09-19 00:00:00","3499.49"
"2022-09-20 00:00:00","3467.09"
"2022-09-21 00:00:00","3491.87"
"2022-09-22 00:00:00","3427.14"
"2022-09-23 00:00:00","3348.60"
"2022-09-26 00:00:00","3342.56"
"2022-09-27 00:00:00","3328.65"
"2022-09-28 00:00:00","3335.30"
"2022-09-29 00:00:00","3279.04"
"2022-09-30 00:00:00","3318.20"
"2022-10-03 00:00:00","3342.17"
"2022-10-04 00:00:00","3484.48"
"2022-10-05 00:00:00","3447.72"
"2022-10-06 00:00:00","3433.45"
"2022-10-07 00:00:00","3375.46"
"2022-10-10 00:00:00","3356.88"
"2022-10-11 00:00:00","3340.35"
"2022-10-12 00:00:00","3331.53"
"2022-10-13 00:00:00","3362.40"
"2022-10-14 00:00:00","3381.73"
"2022-10-17 00:00:00","3441.64"
"2022-10-18 00:00:00","3463.83"
"2022-10-19 00:00:00","3471.24"
"2022-10-20 00:00:00","3492.85"
"2022-10-21 00:00:00","3476.63"
"2022-10-24 00:00:00","3527.79"
"2022-10-25 00:00:00","3585.58"
"2022-10-26 00:00:00","3605.31"
"2022-10-27 00:00:00","3604.51"
"2022-10-28 00:00:00","3613.02"
"2022-10-31 00:00:00","3617.54"
"2022-11-01 00:00:00","3651.02"
"2022-11-02 00:00:00","3622.01"
"2022-11-03 00:00:00","3593.18"
"2022-11-04 00:00:00","3688.33"
"2022-11-07 00:00:00","3708.80"
"2022-11-08 00:00:00","3739.28"
"2022-11-09 00:00:00","3728.03"
"2022-11-10 00:00:00","3846.56"
"2022-11-11 00:00:00","3868.50"
"2022-11-14 00:00:00","3887.51"
"2022-11-15 00:00:00","3915.09"
"2022-11-16 00:00:00","3882.78"
"2022-11-17 00:00:00","3878.42"
"2022-11-18 00:00:00","3924.84"
"2022-11-21 00:00:00","3909.28"
"2022-11-22 00:00:00","3929.90"
"2022-11-23 00:00:00","3946.44"
"2022-11-24 00:00:00","3961.99"
"2022-11-25 00:00:00","3962.41"
"2022-11-28 00:00:00","3935.51"
"2022-11-29 00:00:00","3934.44"
"2022-11-30 00:00:00","3964.72"
"2022-12-01 00:00:00","3984.50"
"2022-12-02 00:00:00","3977.90"
"2022-12-05 00:00:00","3956.53"
"2022-12-06 00:00:00","3939.19"
"2022-12-07 00:00:00","3920.90"
"2022-12-08 00:00:00","3921.27"
"2022-12-09 00:00:00","3942.62"
"2022-12-12 00:00:00","3921.82"
"2022-12-13 00:00:00","3986.83"
"2022-12-14 00:00:00","3975.26"
"2022-12-15 00:00:00","3835.70"
"2022-12-16 00:00:00","3804.02"
"2022-12-19 00:00:00","3811.24"
"2022-12-20 00:00:00","3802.49"
"2022-12-21 00:00:00","3872.15"
"2022-12-22 00:00:00","3823.29"
"2022-12-23 00:00:00","3817.01"
"2022-12-27 00:00:00","3832.89"
"2022-12-28 00:00:00","3808.82"
"2022-12-29 00:00:00","3850.07"
"2022-12-30 00:00:00","3793.62"
"2023-01-03 00:00:00","3882.29"
"2023-01-04 00:00:00","3973.97"
"2023-01-05 00:00:00","3959.48"
"2023-01-06 00:00:00","4017.83"
"2023-01-09 00:00:00","4068.62"
"2023-01-10 00:00:00","4057.46"
"2023-01-11 00:00:00","4099.76"
"2023-01-12 00:00:00","4126.68"
"2023-01-13 00:00:00","4150.80"
"2023-01-16 00:00:00","4157.00"
"2023-01-17 00:00:00","4174.33"
"2023-01-18 00:00:00","4174.34"
"2023-01-19 00:00:00","4094.28"
"2023-01-20 00:00:00","4119.90"
"2023-01-23 00:00:00","4150.82"
"2023-01-24 00:00:00","4153.02"
"2023-01-25 00:00:00","4148.11"
"2023-01-26 00:00:00","4173.98"
"2023-01-27 00:00:00","4178.01"
"2023-01-30 00:00:00","4158.63"
"2023-01-31 00:00:00","4163.45"
"2023-02-01 00:00:00","4171.44"
"2023-02-02 00:00:00","4241.12"
"2023-02-03 00:00:00","4257.98"
"2023-02-06 00:00:00","4205.45"
"2023-02-07 00:00:00","4209.31"
"2023-02-08 00:00:00","4209.15"
"2023-02-09 00:00:00","4250.14"
"2023-02-10 00:00:00","4197.94"
"2023-02-13 00:00:00","4241.36"
"2023-02-14 00:00:00","4238.76"
"2023-02-15 00:00:00","4280.04"
"2023-02-16 00:00:00","4297.24"
"2023-02-17 00:00:00","4274.92"
"2023-02-20 00:00:00","4271.18"
"2023-02-21 00:00:00","4250.40"
"2023-02-22 00:00:00","4242.88"
"2023-02-23 00:00:00","4258.16"
"2023-02-24 00:00:00","4178.82"
"2023-02-27 00:00:00","4248.01"
"2023-02-28 00:00:00","4238.38"
"2023-03-01 00:00:00","4215.75"
"2023-03-02 00:00:00","4240.59"
"2023-03-03 00:00:00","4294.80"
"2023-03-06 00:00:00","4313.78"
"2023-03-07 00:00:00","4278.96"
"2023-03-08 00:00:00","4288.45"
"2023-03-09 00:00:00","4286.12"
"2023-03-10 00:00:00","4229.53"
"2023-03-13 00:00:00","4096.54"
"2023-03-14 00:00:00","4179.47"
"2023-03-15 00:00:00","4034.92"
"2023-03-16 00:00:00","4116.98"
"2023-03-17 00:00:00","4064.99"
"2023-03-20 00:00:00","4119.42"
"2023-03-21 00:00:00","4181.60"
"2023-03-22 00:00:00","4195.70"
"2023-03-23 00:00:00","4207.14"
"2023-03-24 00:00:00","4130.62"
"2023-03-27 00:00:00","4164.62"
"2023-03-28 00:00:00","4168.21"
"2023-03-29 00:00:00","4231.27"
"2023-03-30 00:00:00","4285.42"
"2023-03-31 00:00:00","4315.05"
"2023-04-03 00:00:00","4311.05"
"2023-04-04 00:00:00","4315.32"
"2023-04-05 00:00:00","4298.36"
"2023-04-06 00:00:00","4309.45"
"2023-04-11 00:00:00","4333.29"
"2023-04-12 00:00:00","4334.03"
"2023-04-13 00:00:00","4363.24"
"2023-04-14 00:00:00","4390.75"
"2023-04-17 00:00:00","4367.61"
"2023-04-18 00:00:00","4393.95"
"2023-04-19 00:00:00","4393.57"
"2023-04-20 00:00:00","4384.86"
"2023-04-21 00:00:00","4408.59"
"2023-04-24 00:00:00","4401.80"
"2023-04-25 00:00:00","4377.85"
"2023-04-26 00:00:00","4347.71"
"2023-04-27 00:00:00","4358.05"
"2023-04-28 00:00:00","4359.31"
"2023-05-02 00:00:00","4294.85"
"2023-05-03 00:00:00","4310.18"
"2023-05-04 00:00:00","4287.03"
"2023-05-05 00:00:00","4340.43"
"2023-05-08 00:00:00","4348.65"
"2023-05-09 00:00:00","4323.09"
"2023-05-10 00:00:00","4306.76"
"2023-05-11 00:00:00","4309.75"
"2023-05-12 00:00:00","4317.88"
"2023-05-15 00:00:00","4316.41"
"2023-05-16 00:00:00","4315.51"
"2023-05-17 00:00:00","4323.23"
"2023-05-19 00:00:00","4395.30"
"2023-05-22 00:00:00","4385.63"
"2023-05-23 00:00:00","4342.38"
"2023-05-24 00:00:00","4263.74"
"2023-05-25 00:00:00","4269.64"
"2023-05-26 00:00:00","4337.50"
"2023-05-30 00:00:00","4291.58"
"2023-05-31 00:00:00","4218.04"
"2023-06-01 00:00:00","4257.61"
"2023-06-02 00:00:00","4323.52"
"2023-06-05 00:00:00","4293.24"
"2023-06-06 00:00:00","4295.22"
"2023-06-07 00:00:00","4291.91"
"2023-06-08 00:00:00","4297.68"
"2023-06-09 00:00:00","4289.79"
"2023-06-12 00:00:00","4316.49"
"2023-06-13 00:00:00","4347.55"
"2023-06-14 00:00:00","4375.98"
"2023-06-15 00:00:00","4365.12"
"2023-06-16 00:00:00","4394.82"
"2023-06-19 00:00:00","4362.38"
"2023-06-20 00:00:00","4343.14"
"2023-06-21 00:00:00","4322.75"
"2023-06-22 00:00:00","4304.47"
"2023-06-23 00:00:00","4271.61"
"2023-06-26 00:00:00","4280.57"
"2023-06-27 00:00:00","4305.26"
"2023-06-28 00:00:00","4344.75"
"2023-06-29 00:00:00","4354.69"
"2023-06-30 00:00:00","4399.09"
"2023-07-03 00:00:00","4398.15"
"2023-07-04 00:00:00","4390.99"
"2023-07-05 00:00:00","4350.71"
"2023-07-06 00:00:00","4223.09"
"2023-07-07 00:00:00","4236.60"
"2023-07-10 00:00:00","4256.51"
"2023-07-11 00:00:00","4286.56"
"2023-07-12 00:00:00","4360.46"
"2023-07-13 00:00:00","4391.76"
"2023-07-14 00:00:00","4400.11"
"2023-07-17 00:00:00","4356.79"
"2023-07-18 00:00:00","4369.73"
"2023-07-19 00:00:00","4362.28"
"2023-07-20 00:00:00","4373.73"
"2023-07-21 00:00:00","4391.41"
"2023-07-24 00:00:00","4383.03"
"2023-07-25 00:00:00","4391.30"
"2023-07-26 00:00:00","4346.15"
"2023-07-27 00:00:00","4447.44"
"2023-07-28 00:00:00","4466.50"
"2023-07-31 00:00:00","4471.31"
"2023-08-02 00:00:00","4336.50"
"2023-08-03 00:00:00","4304.63"
"2023-08-04 00:00:00","4332.91"
"2023-08-07 00:00:00","4337.50"
"2023-08-08 00:00:00","4288.85"
"2023-08-09 00:00:00","4317.33"
"2023-08-10 00:00:00","4384.04"
"2023-08-11 00:00:00","4321.33"
"2023-08-14 00:00:00","4330.23"
"2023-08-15 00:00:00","4288.57"
"2023-08-16 00:00:00","4284.27"
"2023-08-17 00:00:00","4227.83"
"2023-08-18 00:00:00","4212.95"
"2023-08-21 00:00:00","4224.87"
"2023-08-22 00:00:00","4260.37"
"2023-08-23 00:00:00","4266.67"
"2023-08-24 00:00:00","4232.22"
"2023-08-25 00:00:00","4236.25"
"2023-08-28 00:00:00","4293.69"
"2023-08-29 00:00:00","4326.47"
"2023-08-30 00:00:00","4315.31"
"2023-08-31 00:00:00","4297.11"
"2023-09-01 00:00:00","4282.64"
"2023-09-04 00:00:00","4279.87"
"2023-09-05 00:00:00","4269.16"
"2023-09-06 00:00:00","4238.26"
"2023-09-07 00:00:00","4221.02"
"2023-09-08 00:00:00","4237.19"
"2023-09-11 00:00:00","4254.33"
"2023-09-12 00:00:00","4242.27"
"2023-09-13 00:00:00","4223.48"
"2023-09-14 00:00:00","4279.75"
"2023-09-15 00:00:00","4295.05"
"2023-09-18 00:00:00","4245.88"
"2023-09-19 00:00:00","4242.70"
"2023-09-20 00:00:00","4275.98"
"2023-09-21 00:00:00","4212.59"
"2023-09-22 00:00:00","4207.16"
"2023-09-25 00:00:00","4167.37"
"2023-09-26 00:00:00","4129.18"
"2023-09-27 00:00:00","4131.68"
"2023-09-28 00:00:00","4161.56"
"2023-09-29 00:00:00","4174.66"
"2023-10-02 00:00:00","4137.63"
"2023-10-03 00:00:00","4095.59"
"2023-10-04 00:00:00","4099.85"
"2023-10-05 00:00:00","4099.81"
"2023-10-06 00:00:00","4144.43"
"2023-10-09 00:00:00","4112.57"
"2023-10-10 00:00:00","4205.23"
"2023-10-11 00:00:00","4200.80"
"2023-10-12 00:00:00","4198.23"
"2023-10-13 00:00:00","4136.12"
"2023-10-16 00:00:00","4149.86"
"2023-10-17 00:00:00","4152.32"
"2023-10-18 00:00:00","4105.86"
"2023-10-19 00:00:00","4090.33"
"2023-10-20 00:00:00","4024.68"
"2023-10-23 00:00:00","4041.75"
"2023-10-24 00:00:00","4065.37"
"2023-10-25 00:00:00","4073.35"
"2023-10-26 00:00:00","4049.40"
"2023-10-27 00:00:00","4014.36"
"2023-10-30 00:00:00","4028.32"
"2023-10-31 00:00:00","4061.12"
"2023-11-01 00:00:00","4091.71"
"2023-11-02 00:00:00","4169.62"
"2023-11-03 00:00:00","4174.67"
"2023-11-06 00:00:00","4158.64"
"2023-11-07 00:00:00","4153.37"
"2023-11-08 00:00:00","4178.49"
"2023-11-09 00:00:00","4229.20"
"2023-11-10 00:00:00","4197.36"
"2023-11-13 00:00:00","4232.19"
"2023-11-14 00:00:00","4291.72"
"2023-11-15 00:00:00","4315.53"
"2023-11-16 00:00:00","4302.45"
"2023-11-17 00:00:00","4340.77"
"2023-11-20 00:00:00","4342.41"
"2023-11-21 00:00:00","4331.90"
"2023-11-22 00:00:00","4352.02"
"2023-11-23 00:00:00","4361.32"
"2023-11-24 00:00:00","4372.10"
"2023-11-27 00:00:00","4354.41"
"2023-11-28 00:00:00","4348.02"
"2023-11-29 00:00:00","4370.53"
"2023-11-30 00:00:00","4382.47"
"2023-12-01 00:00:00","4418.51"
"2023-12-04 00:00:00","4414.95"
"2023-12-05 00:00:00","4452.77"
"2023-12-06 00:00:00","4483.26"
"2023-12-07 00:00:00","4473.77"
"2023-12-08 00:00:00","4523.31"
"2023-12-11 00:00:00","4540.19"
"2023-12-12 00:00:00","4536.61"
"2023-12-13 00:00:00","4530.19"
"2023-12-14 00:00:00","4539.16"
"2023-12-15 00:00:00","4549.44"
"2023-12-18 00:00:00","4521.13"
"2023-12-19 00:00:00","4535.40"
"2023-12-20 00:00:00","4533.82"
"2023-12-21 00:00:00","4524.86"
"2023-12-22 00:00:00","4521.47"
"2023-12-27 00:00:00","4528.38"
"2023-12-28 00:00:00","4514.38"
"2023-12-29 00:00:00","4521.65"
"2024-01-03 00:00:00","4448.13"
"2024-01-04 00:00:00","4474.01"
"2024-01-05 00:00:00","4463.51"
"2024-01-08 00:00:00","4485.48"
"2024-01-09 00:00:00","4467.17"
"2024-01-10 00:00:00","4468.98"
"2024-01-11 00:00:00","4442.28"
"2024-01-12 00:00:00","4480.02"
"2024-01-15 00:00:00","4454.68"
"2024-01-16 00:00:00","4446.51"
"2024-01-17 00:00:00","4403.08"
"2024-01-18 00:00:00","4453.05"
"2024-01-19 00:00:00","4448.83"
"2024-01-22 00:00:00","4480.32"
"2024-01-23 00:00:00","4465.91"
"2024-01-24 00:00:00","4564.11"
"2024-01-25 00:00:00","4582.26"
"2024-01-26 00:00:00","4635.47"
"2024-01-29 00:00:00","4639.36"
"2024-01-30 00:00:00","4662.70"
"2024-01-31 00:00:00","4648.40"
"2024-02-01 00:00:00","4638.60"
"2024-02-02 00:00:00","4654.55"
"2024-02-05 00:00:00","4655.27"
"2024-02-06 00:00:00","4690.87"
"2024-02-07 00:00:00","4678.85"
"2024-02-08 00:00:00","4710.78"
"2024-02-09 00:00:00","4715.87"
"2024-02-12 00:00:00","4746.35"
"2024-02-13 00:00:00","4689.28"
"2024-02-14 00:00:00","4709.22"
"2024-02-15 00:00:00","4743.17"
"2024-02-16 00:00:00","4765.65"
"2024-02-19 00:00:00","4763.07"
"2024-02-20 00:00:00","4760.28"
"2024-02-21 00:00:00","4775.31"
"2024-02-22 00:00:00","4855.36"
"2024-02-23 00:00:00","4872.57"
"2024-02-26 00:00:00","4864.29"
"2024-02-27 00:00:00","4885.74"
"2024-02-28 00:00:00","4883.77"
"2024-02-29 00:00:00","4877.77"
"2024-03-01 00:00:00","4894.86"
"2024-03-04 00:00:00","4912.92"
"2024-03-05 00:00:00","4893.07"
"2024-03-06 00:00:00","4915.49"
"2024-03-07 00:00:00","4974.22"
"2024-03-08 00:00:00","4961.11"
"2024-03-11 00:00:00","4930.42"
"2024-03-12 00:00:00","4983.20"
"2024-03-13 00:00:00","5000.55"
"2024-03-14 00:00:00","4993.12"
"2024-03-15 00:00:00","4986.02"
"2024-03-18 00:00:00","4982.76"
"2024-03-19 00:00:00","5007.92"
"2024-03-20 00:00:00","5000.31"
"2024-03-21 00:00:00","5052.31"
"2024-03-22 00:00:00","5031.15"
"2024-03-25 00:00:00","5044.19"
"2024-03-26 00:00:00","5064.18"
"2024-03-27 00:00:00","5081.74"
"2024-03-28 00:00:00","5083.42"
"2024-04-02 00:00:00","5042.00"
"2024-04-03 00:00:00","5069.25"
"2024-04-04 00:00:00","5070.76"
"2024-04-05 00:00:00","5014.75"
"2024-04-08 00:00:00","5046.05"
"2024-04-09 00:00:00","4990.90"
"2024-04-10 00:00:00","5000.83"
"2024-04-11 00:00:00","4966.68"
"2024-04-12 00:00:00","4955.01"
"2024-04-15 00:00:00","4984.48"
"2024-04-16 00:00:00","4916.99"
"2024-04-17 00:00:00","4914.13"
"2024-04-18 00:00:00","4936.57"
"2024-04-19 00:00:00","4918.09"
"2024-04-22 00:00:00","4936.85"
"2024-04-23 00:00:00","5008.17"
"2024-04-24 00:00:00","4989.88"
"2024-04-25 00:00:00","4939.01"
"2024-04-26 00:00:00","5006.85"
"2024-04-29 00:00:00","4981.09"
"2024-04-30 00:00:00","4921.22"
"2024-05-02 00:00:00","4890.61"
"2024-05-03 00:00:00","4921.48"
"2024-05-06 00:00:00","4956.96"
"2024-05-07 00:00:00","5016.10"
"2024-05-08 00:00:00","5038.17"
"2024-05-10 00:00:00","5085.08"
"2024-05-13 00:00:00","5078.96"
"2024-05-14 00:00:00","5080.29"
"2024-05-15 00:00:00","5100.90"
"2024-05-16 00:00:00","5072.45"
"2024-05-17 00:00:00","5064.14"
"2024-05-21 00:00:00","5046.99"
"2024-05-22 00:00:00","5025.17"
"2024-05-23 00:00:00","5037.60"
"2024-05-24 00:00:00","5035.41"
"2024-05-27 00:00:00","5059.20"
"2024-05-28 00:00:00","5030.35"
"2024-05-29 00:00:00","4963.20"
"2024-05-30 00:00:00","4982.18"
"2024-05-31 00:00:00","4983.67"
"2024-06-03 00:00:00","5003.54"
"2024-06-04 00:00:00","4953.37"
"2024-06-05 00:00:00","5035.66"
"2024-06-06 00:00:00","5069.09"
"2024-06-07 00:00:00","5051.31"
"2024-06-10 00:00:00","5016.48"
"2024-06-11 00:00:00","4965.09"
"2024-06-12 00:00:00","5034.43"
"2024-06-13 00:00:00","4935.50"
"2024-06-14 00:00:00","4839.14"
"2024-06-17 00:00:00","4880.42"
"2024-06-18 00:00:00","4915.47"
"2024-06-19 00:00:00","4885.45"
"2024-06-20 00:00:00","4947.73"
"2024-06-21 00:00:00","4907.30"
"2024-06-24 00:00:00","4950.98"
"2024-06-25 00:00:00","4935.97"
"2024-06-26 00:00:00","4915.94"
"2024-06-27 00:00:00","4902.60"
"2024-06-28 00:00:00","4894.02"
"2024-07-01 00:00:00","4929.99"
"2024-07-02 00:00:00","4906.33"
"2024-07-03 00:00:00","4965.80"
"2024-07-04 00:00:00","4987.48"
"2024-07-05 00:00:00","4979.39"
"2024-07-08 00:00:00","4969.83"
"2024-07-09 00:00:00","4903.62"
"2024-07-10 00:00:00","4958.86"
"2024-07-11 00:00:00","4976.13"
"2024-07-12 00:00:00","5043.02"
"2024-07-15 00:00:00","4983.11"
"2024-07-16 00:00:00","4947.83"
"2024-07-17 00:00:00","4891.46"
"2024-07-18 00:00:00","4870.12"
"2024-07-19 00:00:00","4827.24"
"2024-07-22 00:00:00","4897.44"
"2024-07-23 00:00:00","4916.80"
"2024-07-24 00:00:00","4861.87"
"2024-07-25 00:00:00","4811.28"
"2024-07-26 00:00:00","4862.50"
"2024-07-29 00:00:00","4815.39"
"2024-07-30 00:00:00","4841.00"
"2024-07-31 00:00:00","4872.94"
"2024-08-02 00:00:00","4638.70"
"2024-08-05 00:00:00","4571.60"
"2024-08-06 00:00:00","4575.22"
"2024-08-07 00:00:00","4668.06"
"2024-08-08 00:00:00","4668.74"
"2024-08-09 00:00:00","4675.28"
"2024-08-12 00:00:00","4671.88"
"2024-08-13 00:00:00","4694.92"
"2024-08-14 00:00:00","4727.60"
"2024-08-15 00:00:00","4807.77"
"2024-08-16 00:00:00","4840.52"
"2024-08-19 00:00:00","4871.41"
"2024-08-20 00:00:00","4857.58"
"2024-08-21 00:00:00","4885.28"
"2024-08-22 00:00:00","4885.00"
"2024-08-23 00:00:00","4909.20"
"2024-08-26 00:00:00","4896.69"
"2024-08-27 00:00:00","4898.78"
"2024-08-28 00:00:00","4913.03"
"2024-08-29 00:00:00","4966.27"
"2024-08-30 00:00:00","4957.98"
"2024-09-02 00:00:00","4973.07"
"2024-09-03 00:00:00","4912.52"
"2024-09-04 00:00:00","4848.18"
"2024-09-05 00:00:00","4815.15"
"2024-09-06 00:00:00","4738.06"
"2024-09-09 00:00:00","4778.66"
"2024-09-10 00:00:00","4747.20"
"2024-09-11 00:00:00","4763.58"
"2024-09-12 00:00:00","4814.08"
"2024-09-13 00:00:00","4843.99"
"2024-09-16 00:00:00","4827.63"
"2024-09-17 00:00:00","4860.78"
"2024-09-18 00:00:00","4835.30"
"2024-09-19 00:00:00","4943.38"
"2024-09-20 00:00:00","4871.54"
"2024-09-23 00:00:00","4885.57"
"2024-09-24 00:00:00","4940.72"
"2024-09-25 00:00:00","4916.89"
"2024-09-26 00:00:00","5032.59"
"2024-09-27 00:00:00","5067.45"
"2024-09-30 00:00:00","5000.45"
"2024-10-01 00:00:00","4954.15"
"2024-10-02 00:00:00","4963.29"
"2024-10-03 00:00:00","4921.33"
"2024-10-04 00:00:00","4954.94"
"2024-10-07 00:00:00","4969.71"
"2024-10-08 00:00:00","4949.00"
"2024-10-09 00:00:00","4982.57"
"2024-10-10 00:00:00","4970.34"
"2024-10-11 00:00:00","5003.92"
"2024-10-14 00:00:00","5041.01"
"2024-10-15 00:00:00","4946.73"
"2024-10-16 00:00:00","4908.71"
"2024-10-17 00:00:00","4947.30"
"2024-10-18 00:00:00","4986.27"
"2024-10-21 00:00:00","4941.22"
"2024-10-22 00:00:00","4939.31"
"2024-10-23 00:00:00","4922.55"
"2024-10-24 00:00:00","4935.45"
"2024-10-25 00:00:00","4943.09"
"2024-10-28 00:00:00","4969.83"
"2024-10-29 00:00:00","4950.02"
"2024-10-30 00:00:00","4885.75"
"2024-10-31 00:00:00","4827.63"
"2024-11-01 00:00:00","4877.75"
"2024-11-04 00:00:00","4852.10"
"2024-11-05 00:00:00","4870.33"
"2024-11-06 00:00:00","4800.63"
"2024-11-07 00:00:00","4851.96"
"2024-11-08 00:00:00","4802.76"
"2024-11-11 00:00:00","4854.03"
"2024-11-12 00:00:00","4744.69"
"2024-11-13 00:00:00","4740.34"
"2024-11-14 00:00:00","4833.53"
"2024-11-15 00:00:00","4794.85"
"2024-11-18 00:00:00","4790.33"
"2024-11-19 00:00:00","4751.23"
"2024-11-20 00:00:00","4729.71"
"2024-11-21 00:00:00","4755.83"
"2024-11-22 00:00:00","4789.08"
"2024-11-25 00:00:00","4799.87"
"2024-11-26 00:00:00","4761.99"
"2024-11-27 00:00:00","4733.15"
"2024-11-28 00:00:00","4758.65"
"2024-11-29 00:00:00","4804.40"
"2024-12-02 00:00:00","4846.73"
"2024-12-03 00:00:00","4878.51"
"2024-12-04 00:00:00","4919.02"
"2024-12-05 00:00:00","4951.58"
"2024-12-06 00:00:00","4977.78"
"2024-12-09 00:00:00","4985.46"
"2024-12-10 00:00:00","4951.74"
"2024-12-11 00:00:00","4959.35"
"2024-12-12 00:00:00","4965.53"
"2024-12-13 00:00:00","4967.95"
"2024-12-16 00:00:00","4947.03"
"2024-12-17 00:00:00","4942.58"
"2024-12-18 00:00:00","4957.28"
"2024-12-19 00:00:00","4879.00"
"2024-12-20 00:00:00","4862.28"
"2024-12-23 00:00:00","4852.93"
"2024-12-27 00:00:00","4898.88"
"2024-12-30 00:00:00","4869.28"
